[{"title":"Seattle Mariners Safeco Field Tour","created_by":"TicketMaster","category":"Miscellaneous","start_date":"2016-04-21T10:00:00.000Z","venue_name":"Safeco Field Stadium Tours","address":"1st Avenue and Royal Brougham","city":"Seattle","zip":"98134","latitude":47.5924109,"longitude":-122.3342076},{"title":"2015-2016 Season Ticket","created_by":"TicketMaster","category":"Music","start_date":"2016-04-21T10:00:00.000Z","venue_name":"Meydenbauer Center","address":"11100 NE 6th St","city":"Bellevue","zip":"98004","latitude":null,"longitude":null},{"title":"Dej Loaf Young Rich Nics Ft. A.n.e Bonaphied, Prodiga 1 and Slightly F","created_by":"TicketMaster","category":"Music","start_date":"2016-04-22T06:00:00.000Z","venue_name":"Knitting Factory Concert House","address":"911 W. Sprague Avenue","city":"Spokane","zip":"99201","latitude":47.657439,"longitude":-117.426167},{"title":"Rhye","created_by":"TicketMaster","category":"Music","start_date":"2016-04-22T06:00:00.000Z","venue_name":"Neptune Theatre","address":"1303 NE 45th Street","city":"Seattle","zip":"98105","latitude":null,"longitude":null},{"title":"The Dope Show","created_by":"TicketMaster","category":"Arts & Theater","start_date":"2016-04-22T06:30:00.000Z","venue_name":"Comedy Underground - Seattle","address":"109 S. Washington St.","city":"Seattle","zip":"98104","latitude":null,"longitude":null},{"title":"Future Shock, Trick Candles (W/Special Performance By Purple Mane), Mi","created_by":"TicketMaster","category":"Music","start_date":"2016-04-22T07:00:00.000Z","venue_name":"Sunset Tavern","address":"5433 Ballard Ave NW","city":"Seattle","zip":"98107","latitude":47.66809540000001,"longitude":-122.3859818},{"title":"PDX Rockicanagrass: Fruition Album Release W/ the Hill Dogs","created_by":"TicketMaster","category":"Music","start_date":"2016-04-22T07:00:00.000Z","venue_name":"Tractor Tavern","address":"5213 Ballard Ave NW","city":"Seattle","zip":"98107","latitude":47.6656993,"longitude":-122.3828901},{"title":"2015-2016 Season Ticket","created_by":"TicketMaster","category":"Music","start_date":"2016-04-22T10:00:00.000Z","venue_name":"Meydenbauer Center","address":"11100 NE 6th St","city":"Bellevue","zip":"98004","latitude":null,"longitude":null},{"title":"Seattle Mariners Safeco Field Tour","created_by":"TicketMaster","category":"Miscellaneous","start_date":"2016-04-22T10:00:00.000Z","venue_name":"Safeco Field Stadium Tours","address":"1st Avenue and Royal Brougham","city":"Seattle","zip":"98134","latitude":47.5924109,"longitude":-122.3342076},{"title":"University of Washington Huskies Men's Baseball vs. Saint Mary's College Gaels Baseball","created_by":"TicketMaster","category":"Sports","start_date":"2016-04-23T03:00:00.000Z","venue_name":"Husky Baseball Park","address":"3910 Montlake Blvd","city":"Seattle","zip":"98195","latitude":47.6530523,"longitude":-122.3022748},{"title":"Cloud Cult","created_by":"TicketMaster","category":"Music","start_date":"2016-04-23T06:00:00.000Z","venue_name":"Neptune Theatre","address":"1303 NE 45th Street","city":"Seattle","zip":"98105","latitude":null,"longitude":null},{"title":"3rd Annual Party for Prevention","created_by":"TicketMaster","category":"Music","start_date":"2016-04-23T06:00:00.000Z","venue_name":"Hard Rock Cafe - Seattle","address":"116 Pike Street","city":"Seattle","zip":"98101","latitude":null,"longitude":null},{"title":"Kabir Singh","created_by":"TicketMaster","category":"Arts & Theater","start_date":"2016-04-23T06:30:00.000Z","venue_name":"Comedy Underground - Seattle","address":"109 S. Washington St.","city":"Seattle","zip":"98104","latitude":null,"longitude":null},{"title":"Charms , Cloud Person, the Invisible Hand, Bed","created_by":"TicketMaster","category":"Music","start_date":"2016-04-23T07:00:00.000Z","venue_name":"Sunset Tavern","address":"5433 Ballard Ave NW","city":"Seattle","zip":"98107","latitude":47.66809540000001,"longitude":-122.3859818},{"title":"Sold Out!!!!!! Space Aged Rock 'n Roll: Black Mountain W/ Marissa Nadl","created_by":"TicketMaster","category":"Music","start_date":"2016-04-23T07:00:00.000Z","venue_name":"Tractor Tavern","address":"5213 Ballard Ave NW","city":"Seattle","zip":"98107","latitude":47.6656993,"longitude":-122.3828901},{"title":"Kabir Singh","created_by":"TicketMaster","category":"Arts & Theater","start_date":"2016-04-23T08:30:00.000Z","venue_name":"Comedy Underground - Seattle","address":"109 S. Washington St.","city":"Seattle","zip":"98104","latitude":null,"longitude":null},{"title":"Seattle Mariners Safeco Field Tour","created_by":"TicketMaster","category":"Miscellaneous","start_date":"2016-04-23T10:00:00.000Z","venue_name":"Safeco Field Stadium Tours","address":"1st Avenue and Royal Brougham","city":"Seattle","zip":"98134","latitude":47.5924109,"longitude":-122.3342076},{"title":"2015-2016 Season Ticket","created_by":"TicketMaster","category":"Music","start_date":"2016-04-23T10:00:00.000Z","venue_name":"Meydenbauer Center","address":"11100 NE 6th St","city":"Bellevue","zip":"98004","latitude":null,"longitude":null},{"title":"University of Washington Huskies Men's Baseball vs. Saint Mary's College Gaels Baseball","created_by":"TicketMaster","category":"Sports","start_date":"2016-04-23T23:00:00.000Z","venue_name":"Husky Baseball Park","address":"3910 Montlake Blvd","city":"Seattle","zip":"98195","latitude":47.6530523,"longitude":-122.3022748},{"title":"Tacoma Rainiers vs. Sacramento River Cats","created_by":"TicketMaster","category":"Sports","start_date":"2016-04-24T03:05:00.000Z","venue_name":"Cheney Stadium","address":"2502 S Tyler St","city":"Tacoma","zip":"98401","latitude":47.2380547,"longitude":-122.49671},{"title":"The Isaac Tribute Festival , Sammy Eubanks // Elijah & the Tufnals, L","created_by":"TicketMaster","category":"Music","start_date":"2016-04-24T05:00:00.000Z","venue_name":"Knitting Factory Concert House","address":"911 W. Sprague Avenue","city":"Spokane","zip":"99201","latitude":47.657439,"longitude":-117.426167},{"title":"Tri-Cities Fever V Spokane Empire","created_by":"TicketMaster","category":"Sports","start_date":"2016-04-24T05:05:00.000Z","venue_name":"Toyota Center Kennewick","address":"7000 W. Grandridge Blvd","city":"Kennewick","zip":"99336","latitude":46.2202199,"longitude":-119.2171376},{"title":"Hatsune Miku - Evening Show","created_by":"TicketMaster","category":"Music","start_date":"2016-04-24T06:00:00.000Z","venue_name":"WaMu Theater","address":"800 Occidental Ave S","city":"Seattle","zip":"98134","latitude":47.5933039,"longitude":-122.3321654},{"title":"The Adam Carolla Show: A Live Podcast Taping","created_by":"TicketMaster","category":"Arts & Theater","start_date":"2016-04-24T06:00:00.000Z","venue_name":"Moore Theatre","address":"1932 2nd Ave","city":"Seattle","zip":"98107","latitude":null,"longitude":null},{"title":"Kabir Singh","created_by":"TicketMaster","category":"Arts & Theater","start_date":"2016-04-24T06:30:00.000Z","venue_name":"Comedy Underground - Seattle","address":"109 S. Washington St.","city":"Seattle","zip":"98104","latitude":null,"longitude":null},{"title":"Pocket Panda, Fine Prince, Thousands","created_by":"TicketMaster","category":"Music","start_date":"2016-04-24T07:00:00.000Z","venue_name":"Sunset Tavern","address":"5433 Ballard Ave NW","city":"Seattle","zip":"98107","latitude":47.66809540000001,"longitude":-122.3859818},{"title":"The Dusty 45's W/ the Ramblin' Years & Danny Newcomb & the Sugarmakers","created_by":"TicketMaster","category":"Music","start_date":"2016-04-24T07:00:00.000Z","venue_name":"Tractor Tavern","address":"5213 Ballard Ave NW","city":"Seattle","zip":"98107","latitude":47.6656993,"longitude":-122.3828901},{"title":"Kabir Singh","created_by":"TicketMaster","category":"Arts & Theater","start_date":"2016-04-24T08:30:00.000Z","venue_name":"Comedy Underground - Seattle","address":"109 S. Washington St.","city":"Seattle","zip":"98104","latitude":null,"longitude":null},{"title":"2015-2016 Season Ticket","created_by":"TicketMaster","category":"Music","start_date":"2016-04-24T10:00:00.000Z","venue_name":"Meydenbauer Center","address":"11100 NE 6th St","city":"Bellevue","zip":"98004","latitude":null,"longitude":null},{"title":"Seattle Mariners Safeco Field Tour","created_by":"TicketMaster","category":"Miscellaneous","start_date":"2016-04-24T10:00:00.000Z","venue_name":"Safeco Field Stadium Tours","address":"1st Avenue and Royal Brougham","city":"Seattle","zip":"98134","latitude":47.5924109,"longitude":-122.3342076},{"title":"University of Washington Huskies Men's Baseball vs. Saint Mary's College Gaels Baseball","created_by":"TicketMaster","category":"Sports","start_date":"2016-04-24T23:00:00.000Z","venue_name":"Husky Baseball Park","address":"3910 Montlake Blvd","city":"Seattle","zip":"98195","latitude":47.6530523,"longitude":-122.3022748},{"title":"Tacoma Rainiers vs. Sacramento River Cats","created_by":"TicketMaster","category":"Sports","start_date":"2016-04-24T23:35:00.000Z","venue_name":"Cheney Stadium","address":"2502 S Tyler St","city":"Tacoma","zip":"98401","latitude":47.2380547,"longitude":-122.49671},{"title":"Unforgettable Singer/Songwriter Steve Poltz W/ Debbie Miller (Seated)","created_by":"TicketMaster","category":"Music","start_date":"2016-04-25T05:00:00.000Z","venue_name":"Tractor Tavern","address":"5213 Ballard Ave NW","city":"Seattle","zip":"98107","latitude":47.6656993,"longitude":-122.3828901},{"title":"Dita Von Teese 'Burlesque! Strip Strip Hooray!' Variety Show","created_by":"TicketMaster","category":"Music","start_date":"2016-04-25T05:30:00.000Z","venue_name":"Neptune Theatre","address":"1303 NE 45th Street","city":"Seattle","zip":"98105","latitude":null,"longitude":null},{"title":"Rihanna: Anti World Tour 2016","created_by":"TicketMaster","category":"Music","start_date":"2016-04-25T05:30:00.000Z","venue_name":"KeyArena","address":"1st Avenue N and 305 Harrison Street","city":"Seattle","zip":"98109","latitude":47.622101,"longitude":-122.355426},{"title":"Dressy Bessy , the Tripwires, the Moonspinners","created_by":"TicketMaster","category":"Music","start_date":"2016-04-25T06:00:00.000Z","venue_name":"Sunset Tavern","address":"5433 Ballard Ave NW","city":"Seattle","zip":"98107","latitude":47.66809540000001,"longitude":-122.3859818},{"title":"Hotel California - a Salute To the Eagles","created_by":"TicketMaster","category":"Music","start_date":"2016-04-25T06:00:00.000Z","venue_name":"Tulalip Resort Casino","address":"10200 Quil Ceda Blvd","city":"Tulalip","zip":"98271","latitude":48.0876107,"longitude":-122.1898477},{"title":"Kabir Singh","created_by":"TicketMaster","category":"Arts & Theater","start_date":"2016-04-25T06:30:00.000Z","venue_name":"Comedy Underground - Seattle","address":"109 S. Washington St.","city":"Seattle","zip":"98104","latitude":null,"longitude":null},{"title":"2015-2016 Season Ticket","created_by":"TicketMaster","category":"Music","start_date":"2016-04-25T10:00:00.000Z","venue_name":"Meydenbauer Center","address":"11100 NE 6th St","city":"Bellevue","zip":"98004","latitude":null,"longitude":null},{"title":"Seattle Mariners Safeco Field Tour","created_by":"TicketMaster","category":"Miscellaneous","start_date":"2016-04-25T10:00:00.000Z","venue_name":"Safeco Field Stadium Tours","address":"1st Avenue and Royal Brougham","city":"Seattle","zip":"98134","latitude":47.5924109,"longitude":-122.3342076},{"title":"Tacoma Rainiers vs. Sacramento River Cats","created_by":"TicketMaster","category":"Sports","start_date":"2016-04-26T04:05:00.000Z","venue_name":"Cheney Stadium","address":"2502 S Tyler St","city":"Tacoma","zip":"98401","latitude":47.2380547,"longitude":-122.49671},{"title":"Seattle Mariners vs. Houston Astros","created_by":"TicketMaster","category":"Sports","start_date":"2016-04-26T05:10:00.000Z","venue_name":"Safeco Field","address":"Mailing Address: P.O. Box 4100 , Field Address: 1250 1st Ave S.","city":"Seattle","zip":"98134","latitude":null,"longitude":null},{"title":"Dita Von Teese 'Burlesque Strip Strip Hooray' Variety Show","created_by":"TicketMaster","category":"Music","start_date":"2016-04-26T05:30:00.000Z","venue_name":"Neptune Theatre","address":"1303 NE 45th Street","city":"Seattle","zip":"98105","latitude":null,"longitude":null},{"title":"Crystal Beth & the Boom Boom Band, Nosretep, Bushcraft, Blame the Wiza","created_by":"TicketMaster","category":"Music","start_date":"2016-04-26T06:00:00.000Z","venue_name":"Sunset Tavern","address":"5433 Ballard Ave NW","city":"Seattle","zip":"98107","latitude":47.66809540000001,"longitude":-122.3859818},{"title":"Atlas Stringband","created_by":"TicketMaster","category":"Music","start_date":"2016-04-26T06:00:00.000Z","venue_name":"Tractor Tavern","address":"5213 Ballard Ave NW","city":"Seattle","zip":"98107","latitude":47.6656993,"longitude":-122.3828901},{"title":"Open Mic","created_by":"TicketMaster","category":"Arts & Theater","start_date":"2016-04-26T06:30:00.000Z","venue_name":"Comedy Underground - Seattle","address":"109 S. Washington St.","city":"Seattle","zip":"98104","latitude":null,"longitude":null},{"title":"Seattle Mariners Safeco Field Tour","created_by":"TicketMaster","category":"Miscellaneous","start_date":"2016-04-26T10:00:00.000Z","venue_name":"Safeco Field Stadium Tours","address":"1st Avenue and Royal Brougham","city":"Seattle","zip":"98134","latitude":47.5924109,"longitude":-122.3342076},{"title":"2015-2016 Season Ticket","created_by":"TicketMaster","category":"Music","start_date":"2016-04-26T10:00:00.000Z","venue_name":"Meydenbauer Center","address":"11100 NE 6th St","city":"Bellevue","zip":"98004","latitude":null,"longitude":null},{"title":"Tacoma Rainiers vs. Sacramento River Cats","created_by":"TicketMaster","category":"Sports","start_date":"2016-04-26T21:35:00.000Z","venue_name":"Cheney Stadium","address":"2502 S Tyler St","city":"Tacoma","zip":"98401","latitude":47.2380547,"longitude":-122.49671},{"title":"University of Washington Huskies Men's Baseball vs. Seattle University Redhawks Baseball","created_by":"TicketMaster","category":"Sports","start_date":"2016-04-27T03:00:00.000Z","venue_name":"Husky Baseball Park","address":"3910 Montlake Blvd","city":"Seattle","zip":"98195","latitude":47.6530523,"longitude":-122.3022748},{"title":"Seattle Mariners vs. Houston Astros","created_by":"TicketMaster","category":"Sports","start_date":"2016-04-27T05:10:00.000Z","venue_name":"Safeco Field","address":"Mailing Address: P.O. Box 4100 , Field Address: 1250 1st Ave S.","city":"Seattle","zip":"98134","latitude":null,"longitude":null},{"title":"Newsies (Touring)","created_by":"TicketMaster","category":"Arts & Theater","start_date":"2016-04-27T05:30:00.000Z","venue_name":"Paramount Theatre","address":"911 Pine St","city":"Seattle","zip":"98101","latitude":47.6132566,"longitude":-122.3313416},{"title":"Dita Von Teese 'Burlesque: Strip Strip Hooray!' Variety Show","created_by":"TicketMaster","category":"Music","start_date":"2016-04-27T05:30:00.000Z","venue_name":"Neptune Theatre","address":"1303 NE 45th Street","city":"Seattle","zip":"98105","latitude":null,"longitude":null},{"title":"Sir Coyler & His Asthmatic Band , the Snubs, Juicy Thompson & the Snug","created_by":"TicketMaster","category":"Music","start_date":"2016-04-27T06:00:00.000Z","venue_name":"Sunset Tavern","address":"5433 Ballard Ave NW","city":"Seattle","zip":"98107","latitude":47.66809540000001,"longitude":-122.3859818},{"title":"The Dirty Old One Man Band: Scott H Biram W/ Jesse Dayton","created_by":"TicketMaster","category":"Music","start_date":"2016-04-27T06:30:00.000Z","venue_name":"Tractor Tavern","address":"5213 Ballard Ave NW","city":"Seattle","zip":"98107","latitude":47.6656993,"longitude":-122.3828901},{"title":"Call Backs","created_by":"TicketMaster","category":"Arts & Theater","start_date":"2016-04-27T06:30:00.000Z","venue_name":"Comedy Underground - Seattle","address":"109 S. Washington St.","city":"Seattle","zip":"98104","latitude":null,"longitude":null},{"title":"Seattle Mariners Safeco Field Tour","created_by":"TicketMaster","category":"Miscellaneous","start_date":"2016-04-27T10:00:00.000Z","venue_name":"Safeco Field Stadium Tours","address":"1st Avenue and Royal Brougham","city":"Seattle","zip":"98134","latitude":47.5924109,"longitude":-122.3342076},{"title":"2015-2016 Season Ticket","created_by":"TicketMaster","category":"Music","start_date":"2016-04-27T10:00:00.000Z","venue_name":"Meydenbauer Center","address":"11100 NE 6th St","city":"Bellevue","zip":"98004","latitude":null,"longitude":null},{"title":"Seattle Mariners vs. Houston Astros","created_by":"TicketMaster","category":"Sports","start_date":"2016-04-28T05:10:00.000Z","venue_name":"Safeco Field","address":"Mailing Address: P.O. Box 4100 , Field Address: 1250 1st Ave S.","city":"Seattle","zip":"98134","latitude":null,"longitude":null},{"title":"Newsies (Touring)","created_by":"TicketMaster","category":"Arts & Theater","start_date":"2016-04-28T05:30:00.000Z","venue_name":"Paramount Theatre","address":"911 Pine St","city":"Seattle","zip":"98101","latitude":47.6132566,"longitude":-122.3313416},{"title":"Dustin Lynch","created_by":"TicketMaster","category":"Music","start_date":"2016-04-28T06:00:00.000Z","venue_name":"Emerald Queen Casino","address":"2024 East 29th Street","city":"Tacoma","zip":"98404","latitude":null,"longitude":null},{"title":"Pentatonix: The World Tour 2016 with special guests Us The Duo & AJ","created_by":"TicketMaster","category":"Music","start_date":"2016-04-28T06:00:00.000Z","venue_name":"WaMu Theater","address":"800 Occidental Ave S","city":"Seattle","zip":"98134","latitude":47.5933039,"longitude":-122.3321654},{"title":"Friction Pitch , South Sound Tug & Barge, Joseph Giant","created_by":"TicketMaster","category":"Music","start_date":"2016-04-28T06:00:00.000Z","venue_name":"Sunset Tavern","address":"5433 Ballard Ave NW","city":"Seattle","zip":"98107","latitude":47.66809540000001,"longitude":-122.3859818},{"title":"Heath Harmison","created_by":"TicketMaster","category":"Arts & Theater","start_date":"2016-04-28T06:30:00.000Z","venue_name":"Comedy Underground - Seattle","address":"109 S. Washington St.","city":"Seattle","zip":"98104","latitude":null,"longitude":null},{"title":"Monqui Presents: Uk Alt Rockers the Subways W/ Pins","created_by":"TicketMaster","category":"Music","start_date":"2016-04-28T07:00:00.000Z","venue_name":"Tractor Tavern","address":"5213 Ballard Ave NW","city":"Seattle","zip":"98107","latitude":47.6656993,"longitude":-122.3828901},{"title":"2015-2016 Season Ticket","created_by":"TicketMaster","category":"Music","start_date":"2016-04-28T10:00:00.000Z","venue_name":"Meydenbauer Center","address":"11100 NE 6th St","city":"Bellevue","zip":"98004","latitude":null,"longitude":null},{"title":"Seattle Mariners Safeco Field Tour","created_by":"TicketMaster","category":"Miscellaneous","start_date":"2016-04-28T10:00:00.000Z","venue_name":"Safeco Field Stadium Tours","address":"1st Avenue and Royal Brougham","city":"Seattle","zip":"98134","latitude":47.5924109,"longitude":-122.3342076},{"title":"Newsies (Touring)","created_by":"TicketMaster","category":"Arts & Theater","start_date":"2016-04-29T05:30:00.000Z","venue_name":"Paramount Theatre","address":"911 Pine St","city":"Seattle","zip":"98101","latitude":47.6132566,"longitude":-122.3313416},{"title":"The 1975","created_by":"TicketMaster","category":"Music","start_date":"2016-04-29T06:00:00.000Z","venue_name":"WaMu Theater","address":"800 Occidental Ave S","city":"Seattle","zip":"98134","latitude":47.5933039,"longitude":-122.3321654},{"title":"Chippendales","created_by":"TicketMaster","category":"Arts & Theater","start_date":"2016-04-29T06:00:00.000Z","venue_name":"Tulalip Resort Casino","address":"10200 Quil Ceda Blvd","city":"Tulalip","zip":"98271","latitude":48.0876107,"longitude":-122.1898477},{"title":"Souljazzhop: Irukandji Legion of Brass W/ Greeneedle & the Kings","created_by":"TicketMaster","category":"Music","start_date":"2016-04-29T06:00:00.000Z","venue_name":"Tractor Tavern","address":"5213 Ballard Ave NW","city":"Seattle","zip":"98107","latitude":47.6656993,"longitude":-122.3828901},{"title":"Bengt Washburn","created_by":"TicketMaster","category":"Arts & Theater","start_date":"2016-04-29T06:30:00.000Z","venue_name":"Comedy Underground - Seattle","address":"109 S. Washington St.","city":"Seattle","zip":"98104","latitude":null,"longitude":null},{"title":"Kyle Craft, Mr. Night Sky, Hotel Vignette","created_by":"TicketMaster","category":"Music","start_date":"2016-04-29T07:00:00.000Z","venue_name":"Sunset Tavern","address":"5433 Ballard Ave NW","city":"Seattle","zip":"98107","latitude":47.66809540000001,"longitude":-122.3859818},{"title":"Seattle Mariners Safeco Field Tour","created_by":"TicketMaster","category":"Miscellaneous","start_date":"2016-04-29T10:00:00.000Z","venue_name":"Safeco Field Stadium Tours","address":"1st Avenue and Royal Brougham","city":"Seattle","zip":"98134","latitude":47.5924109,"longitude":-122.3342076},{"title":"2015-2016 Season Ticket","created_by":"TicketMaster","category":"Music","start_date":"2016-04-29T10:00:00.000Z","venue_name":"Meydenbauer Center","address":"11100 NE 6th St","city":"Bellevue","zip":"98004","latitude":null,"longitude":null},{"title":"University of Washington Softball vs. University of Utah Utes Softball","created_by":"TicketMaster","category":"Sports","start_date":"2016-04-30T05:00:00.000Z","venue_name":"Husky Softball Stadium","address":"University of Washington","city":"Seattle","zip":"98195","latitude":null,"longitude":null},{"title":"Uncomfortable Tour: Andy Mineo","created_by":"TicketMaster","category":"Music","start_date":"2016-04-30T05:00:00.000Z","venue_name":"Knitting Factory Concert House","address":"911 W. Sprague Avenue","city":"Spokane","zip":"99201","latitude":47.657439,"longitude":-117.426167},{"title":"Seattle Mariners vs. Kansas City Royals","created_by":"TicketMaster","category":"Sports","start_date":"2016-04-30T05:10:00.000Z","venue_name":"Safeco Field","address":"Mailing Address: P.O. Box 4100 , Field Address: 1250 1st Ave S.","city":"Seattle","zip":"98134","latitude":null,"longitude":null},{"title":"The Driving Force of All Nature","created_by":"TicketMaster","category":"Music","start_date":"2016-04-30T05:30:00.000Z","venue_name":"Meydenbauer Center","address":"11100 NE 6th St","city":"Bellevue","zip":"98004","latitude":null,"longitude":null},{"title":"Chippendales","created_by":"TicketMaster","category":"Arts & Theater","start_date":"2016-04-30T06:00:00.000Z","venue_name":"Tulalip Resort Casino","address":"10200 Quil Ceda Blvd","city":"Tulalip","zip":"98271","latitude":48.0876107,"longitude":-122.1898477},{"title":"Newsies (Touring)","created_by":"TicketMaster","category":"Arts & Theater","start_date":"2016-04-30T06:00:00.000Z","venue_name":"Paramount Theatre","address":"911 Pine St","city":"Seattle","zip":"98101","latitude":47.6132566,"longitude":-122.3313416},{"title":"Melissa Manchester","created_by":"TicketMaster","category":"Music","start_date":"2016-04-30T06:00:00.000Z","venue_name":"Skagit Valley Casino Pacific Showroom","address":"5984 N. Darrk Lane","city":"Bow","zip":"98232","latitude":48.560728,"longitude":-122.347852},{"title":"Bengt Washburn","created_by":"TicketMaster","category":"Arts & Theater","start_date":"2016-04-30T06:30:00.000Z","venue_name":"Comedy Underground - Seattle","address":"109 S. Washington St.","city":"Seattle","zip":"98104","latitude":null,"longitude":null},{"title":"The Stranger & Killroom Records Present:The Shivas W/Acapulco Lips (Re","created_by":"TicketMaster","category":"Music","start_date":"2016-04-30T07:00:00.000Z","venue_name":"Tractor Tavern","address":"5213 Ballard Ave NW","city":"Seattle","zip":"98107","latitude":47.6656993,"longitude":-122.3828901},{"title":"Rust On the Rails, the W Lovers, Darci Carlson","created_by":"TicketMaster","category":"Music","start_date":"2016-04-30T07:00:00.000Z","venue_name":"Sunset Tavern","address":"5433 Ballard Ave NW","city":"Seattle","zip":"98107","latitude":47.66809540000001,"longitude":-122.3859818},{"title":"Bengt Washburn","created_by":"TicketMaster","category":"Arts & Theater","start_date":"2016-04-30T08:30:00.000Z","venue_name":"Comedy Underground - Seattle","address":"109 S. Washington St.","city":"Seattle","zip":"98104","latitude":null,"longitude":null},{"title":"2015-2016 Season Ticket","created_by":"TicketMaster","category":"Music","start_date":"2016-04-30T10:00:00.000Z","venue_name":"Meydenbauer Center","address":"11100 NE 6th St","city":"Bellevue","zip":"98004","latitude":null,"longitude":null},{"title":"Seattle Mariners Safeco Field Tour","created_by":"TicketMaster","category":"Miscellaneous","start_date":"2016-04-30T10:00:00.000Z","venue_name":"Safeco Field Stadium Tours","address":"1st Avenue and Royal Brougham","city":"Seattle","zip":"98134","latitude":47.5924109,"longitude":-122.3342076},{"title":"Seattle Sounders FC vs. Columbus Crew SC","created_by":"TicketMaster","category":"Sports","start_date":"2016-04-30T23:00:00.000Z","venue_name":"CenturyLink Field","address":"800 Occidental Ave S","city":"Seattle","zip":"98134","latitude":47.5933039,"longitude":-122.3321654},{"title":"Newsies (Touring)","created_by":"TicketMaster","category":"Arts & Theater","start_date":"2016-05-01T00:00:00.000Z","venue_name":"Paramount Theatre","address":"911 Pine St","city":"Seattle","zip":"98101","latitude":47.6132566,"longitude":-122.3313416},{"title":"Seattle Mariners vs. Kansas City Royals","created_by":"TicketMaster","category":"Sports","start_date":"2016-05-01T04:10:00.000Z","venue_name":"Safeco Field","address":"Mailing Address: P.O. Box 4100 , Field Address: 1250 1st Ave S.","city":"Seattle","zip":"98134","latitude":null,"longitude":null},{"title":"University of Washington Softball vs. University of Utah Utes Softball","created_by":"TicketMaster","category":"Sports","start_date":"2016-05-01T05:00:00.000Z","venue_name":"Husky Softball Stadium","address":"University of Washington","city":"Seattle","zip":"98195","latitude":null,"longitude":null},{"title":"Newsies (Touring)","created_by":"TicketMaster","category":"Arts & Theater","start_date":"2016-05-01T06:00:00.000Z","venue_name":"Paramount Theatre","address":"911 Pine St","city":"Seattle","zip":"98101","latitude":47.6132566,"longitude":-122.3313416},{"title":"Melissa Manchester","created_by":"TicketMaster","category":"Music","start_date":"2016-05-01T06:00:00.000Z","venue_name":"Skagit Valley Casino Pacific Showroom","address":"5984 N. Darrk Lane","city":"Bow","zip":"98232","latitude":48.560728,"longitude":-122.347852},{"title":"Bengt Washburn","created_by":"TicketMaster","category":"Arts & Theater","start_date":"2016-05-01T06:30:00.000Z","venue_name":"Comedy Underground - Seattle","address":"109 S. Washington St.","city":"Seattle","zip":"98104","latitude":null,"longitude":null},{"title":"Years & Years","created_by":"TicketMaster","category":"Music","start_date":"2016-05-01T07:00:00.000Z","venue_name":"Neptune Theatre","address":"1303 NE 45th Street","city":"Seattle","zip":"98105","latitude":null,"longitude":null},{"title":"Funktastic! Eldridge Gravy & the Court Supreme W/ Yada Yada Blues Ban","created_by":"TicketMaster","category":"Music","start_date":"2016-05-01T07:00:00.000Z","venue_name":"Tractor Tavern","address":"5213 Ballard Ave NW","city":"Seattle","zip":"98107","latitude":47.6656993,"longitude":-122.3828901},{"title":"Tacos!, Great Goddamn, Old Iron, Post/Boredom","created_by":"TicketMaster","category":"Music","start_date":"2016-05-01T07:00:00.000Z","venue_name":"Sunset Tavern","address":"5433 Ballard Ave NW","city":"Seattle","zip":"98107","latitude":47.66809540000001,"longitude":-122.3859818},{"title":"Bengt Washburn","created_by":"TicketMaster","category":"Arts & Theater","start_date":"2016-05-01T08:30:00.000Z","venue_name":"Comedy Underground - Seattle","address":"109 S. Washington St.","city":"Seattle","zip":"98104","latitude":null,"longitude":null},{"title":"Seattle Mariners Safeco Field Tour","created_by":"TicketMaster","category":"Miscellaneous","start_date":"2016-05-01T10:00:00.000Z","venue_name":"Safeco Field Stadium Tours","address":"1st Avenue and Royal Brougham","city":"Seattle","zip":"98134","latitude":47.5924109,"longitude":-122.3342076},{"title":"2015-2016 Season Ticket","created_by":"TicketMaster","category":"Music","start_date":"2016-05-01T10:00:00.000Z","venue_name":"Meydenbauer Center","address":"11100 NE 6th St","city":"Bellevue","zip":"98004","latitude":null,"longitude":null},{"title":"University of Washington Softball vs. University of Utah Utes Softball","created_by":"TicketMaster","category":"Sports","start_date":"2016-05-01T22:00:00.000Z","venue_name":"Husky Softball Stadium","address":"University of Washington","city":"Seattle","zip":"98195","latitude":null,"longitude":null},{"title":"Newsies (Touring)","created_by":"TicketMaster","category":"Arts & Theater","start_date":"2016-05-01T23:00:00.000Z","venue_name":"Paramount Theatre","address":"911 Pine St","city":"Seattle","zip":"98101","latitude":47.6132566,"longitude":-122.3313416},{"title":"Seattle Mariners vs. Kansas City Royals","created_by":"TicketMaster","category":"Sports","start_date":"2016-05-01T23:10:00.000Z","venue_name":"Safeco Field","address":"Mailing Address: P.O. Box 4100 , Field Address: 1250 1st Ave S.","city":"Seattle","zip":"98134","latitude":null,"longitude":null},{"title":"The Driving Force of All Nature","created_by":"TicketMaster","category":"Music","start_date":"2016-05-02T00:00:00.000Z","venue_name":"Eastlake Performing Arts Center","address":"400 228th Ave NE, Eastlake High School","city":"Sammamish","zip":"98074-7209","latitude":null,"longitude":null},{"title":"Newsies (Touring)","created_by":"TicketMaster","category":"Arts & Theater","start_date":"2016-05-02T04:30:00.000Z","venue_name":"Paramount Theatre","address":"911 Pine St","city":"Seattle","zip":"98101","latitude":47.6132566,"longitude":-122.3313416},{"title":"Devildriver, Holy Grail, Incite, Hemlock, Invasive","created_by":"TicketMaster","category":"Music","start_date":"2016-05-02T05:00:00.000Z","venue_name":"Knitting Factory Concert House","address":"911 W. Sprague Avenue","city":"Spokane","zip":"99201","latitude":47.657439,"longitude":-117.426167},{"title":"Seattle Sounders 2 vs. Oklahoma City Energy","created_by":"TicketMaster","category":"Sports","start_date":"2016-05-02T05:00:00.000Z","venue_name":"Starfire Sports","address":"14800 Starfire Way","city":"Tukwila","zip":"98188","latitude":47.47006140000001,"longitude":-122.2493596},{"title":"Pretty Broken Things, Mimi Gilbert, Handsome and Gretyl","created_by":"TicketMaster","category":"Music","start_date":"2016-05-02T06:00:00.000Z","venue_name":"Sunset Tavern","address":"5433 Ballard Ave NW","city":"Seattle","zip":"98107","latitude":47.66809540000001,"longitude":-122.3859818},{"title":"Andrew Rivers","created_by":"TicketMaster","category":"Arts & Theater","start_date":"2016-05-02T06:30:00.000Z","venue_name":"Comedy Underground - Seattle","address":"109 S. Washington St.","city":"Seattle","zip":"98104","latitude":null,"longitude":null},{"title":"Seattle Mariners Safeco Field Tour","created_by":"TicketMaster","category":"Miscellaneous","start_date":"2016-05-02T10:00:00.000Z","venue_name":"Safeco Field Stadium Tours","address":"1st Avenue and Royal Brougham","city":"Seattle","zip":"98134","latitude":47.5924109,"longitude":-122.3342076},{"title":"2015-2016 Season Ticket","created_by":"TicketMaster","category":"Music","start_date":"2016-05-02T10:00:00.000Z","venue_name":"Meydenbauer Center","address":"11100 NE 6th St","city":"Bellevue","zip":"98004","latitude":null,"longitude":null},{"title":"Tacoma Rainiers vs. Salt Lake Bees","created_by":"TicketMaster","category":"Sports","start_date":"2016-05-03T04:05:00.000Z","venue_name":"Cheney Stadium","address":"2502 S Tyler St","city":"Tacoma","zip":"98401","latitude":47.2380547,"longitude":-122.49671},{"title":"Katrina Charles, Sarah Pasillas, Anthony Lee Philips","created_by":"TicketMaster","category":"Music","start_date":"2016-05-03T06:00:00.000Z","venue_name":"Sunset Tavern","address":"5433 Ballard Ave NW","city":"Seattle","zip":"98107","latitude":47.66809540000001,"longitude":-122.3859818},{"title":"Kexp and Seattle Goodwill Present Sustainable Sounds W/ Ivan & Alyosha","created_by":"TicketMaster","category":"Music","start_date":"2016-05-03T06:00:00.000Z","venue_name":"Tractor Tavern","address":"5213 Ballard Ave NW","city":"Seattle","zip":"98107","latitude":47.6656993,"longitude":-122.3828901},{"title":"Open Mic","created_by":"TicketMaster","category":"Arts & Theater","start_date":"2016-05-03T06:30:00.000Z","venue_name":"Comedy Underground - Seattle","address":"109 S. Washington St.","city":"Seattle","zip":"98104","latitude":null,"longitude":null},{"title":"2015-2016 Season Ticket","created_by":"TicketMaster","category":"Music","start_date":"2016-05-03T10:00:00.000Z","venue_name":"Meydenbauer Center","address":"11100 NE 6th St","city":"Bellevue","zip":"98004","latitude":null,"longitude":null},{"title":"Seattle Mariners Safeco Field Tour","created_by":"TicketMaster","category":"Miscellaneous","start_date":"2016-05-03T10:00:00.000Z","venue_name":"Safeco Field Stadium Tours","address":"1st Avenue and Royal Brougham","city":"Seattle","zip":"98134","latitude":47.5924109,"longitude":-122.3342076},{"title":"Tacoma Rainiers vs. Salt Lake Bees","created_by":"TicketMaster","category":"Sports","start_date":"2016-05-04T04:05:00.000Z","venue_name":"Cheney Stadium","address":"2502 S Tyler St","city":"Tacoma","zip":"98401","latitude":47.2380547,"longitude":-122.49671},{"title":"Emporium & the Tractor Present: Micky & the Motorcars W/ Jake Hemming","created_by":"TicketMaster","category":"Music","start_date":"2016-05-04T05:30:00.000Z","venue_name":"Tractor Tavern","address":"5213 Ballard Ave NW","city":"Seattle","zip":"98107","latitude":47.6656993,"longitude":-122.3828901},{"title":"Micky & the Motorcars","created_by":"TicketMaster","category":"Music","start_date":"2016-05-04T05:30:00.000Z","venue_name":"Tractor Tavern","address":"5213 Ballard Ave NW","city":"Seattle","zip":"98107","latitude":47.6656993,"longitude":-122.3828901},{"title":"Aidan Knight, Coho","created_by":"TicketMaster","category":"Music","start_date":"2016-05-04T06:00:00.000Z","venue_name":"Sunset Tavern","address":"5433 Ballard Ave NW","city":"Seattle","zip":"98107","latitude":47.66809540000001,"longitude":-122.3859818},{"title":"Call Backs","created_by":"TicketMaster","category":"Arts & Theater","start_date":"2016-05-04T06:30:00.000Z","venue_name":"Comedy Underground - Seattle","address":"109 S. Washington St.","city":"Seattle","zip":"98104","latitude":null,"longitude":null},{"title":"Seattle Mariners Safeco Field Tour","created_by":"TicketMaster","category":"Miscellaneous","start_date":"2016-05-04T10:00:00.000Z","venue_name":"Safeco Field Stadium Tours","address":"1st Avenue and Royal Brougham","city":"Seattle","zip":"98134","latitude":47.5924109,"longitude":-122.3342076},{"title":"2015-2016 Season Ticket","created_by":"TicketMaster","category":"Music","start_date":"2016-05-04T10:00:00.000Z","venue_name":"Meydenbauer Center","address":"11100 NE 6th St","city":"Bellevue","zip":"98004","latitude":null,"longitude":null},{"title":"Seattle Storm vs. Phoenix Mercury","created_by":"TicketMaster","category":"Sports","start_date":"2016-05-04T21:30:00.000Z","venue_name":"KeyArena","address":"1st Avenue N and 305 Harrison Street","city":"Seattle","zip":"98109","latitude":47.622101,"longitude":-122.355426},{"title":"Tacoma Rainiers vs. Salt Lake Bees","created_by":"TicketMaster","category":"Sports","start_date":"2016-05-05T05:05:00.000Z","venue_name":"Cheney Stadium","address":"2502 S Tyler St","city":"Tacoma","zip":"98401","latitude":47.2380547,"longitude":-122.49671},{"title":"The Wild Lips, Man with Gun, Beef Supreme","created_by":"TicketMaster","category":"Music","start_date":"2016-05-05T06:00:00.000Z","venue_name":"Sunset Tavern","address":"5433 Ballard Ave NW","city":"Seattle","zip":"98107","latitude":47.66809540000001,"longitude":-122.3859818},{"title":"La Swinggrass- the Dustbowl Revival W/ Colonels of Truth","created_by":"TicketMaster","category":"Music","start_date":"2016-05-05T06:00:00.000Z","venue_name":"Tractor Tavern","address":"5213 Ballard Ave NW","city":"Seattle","zip":"98107","latitude":47.6656993,"longitude":-122.3828901},{"title":"Real Nerds of Comedy","created_by":"TicketMaster","category":"Arts & Theater","start_date":"2016-05-05T06:30:00.000Z","venue_name":"Comedy Underground - Seattle","address":"109 S. Washington St.","city":"Seattle","zip":"98104","latitude":null,"longitude":null},{"title":"2015-2016 Season Ticket","created_by":"TicketMaster","category":"Music","start_date":"2016-05-05T10:00:00.000Z","venue_name":"Meydenbauer Center","address":"11100 NE 6th St","city":"Bellevue","zip":"98004","latitude":null,"longitude":null},{"title":"Seattle Mariners Safeco Field Tour","created_by":"TicketMaster","category":"Miscellaneous","start_date":"2016-05-05T10:00:00.000Z","venue_name":"Safeco Field Stadium Tours","address":"1st Avenue and Royal Brougham","city":"Seattle","zip":"98134","latitude":47.5924109,"longitude":-122.3342076},{"title":"Tacoma Rainiers vs. Salt Lake Bees","created_by":"TicketMaster","category":"Sports","start_date":"2016-05-06T05:05:00.000Z","venue_name":"Cheney Stadium","address":"2502 S Tyler St","city":"Tacoma","zip":"98401","latitude":47.2380547,"longitude":-122.49671},{"title":"Sammy Eubanks, Alex Ashley with Last Flowers, Chet O' Keefe","created_by":"TicketMaster","category":"Music","start_date":"2016-05-06T06:00:00.000Z","venue_name":"Knitting Factory Concert House","address":"911 W. Sprague Avenue","city":"Spokane","zip":"99201","latitude":47.657439,"longitude":-117.426167},{"title":"Jen Murphy","created_by":"TicketMaster","category":"Arts & Theater","start_date":"2016-05-06T06:30:00.000Z","venue_name":"Comedy Underground - Seattle","address":"109 S. Washington St.","city":"Seattle","zip":"98104","latitude":null,"longitude":null},{"title":"X Suns, Glose, Voycheck, the Devil Bores Me","created_by":"TicketMaster","category":"Music","start_date":"2016-05-06T07:00:00.000Z","venue_name":"Sunset Tavern","address":"5433 Ballard Ave NW","city":"Seattle","zip":"98107","latitude":47.66809540000001,"longitude":-122.3859818},{"title":"The Crocodile Presents: Har Mar Superstar W/ Electric Nono","created_by":"TicketMaster","category":"Music","start_date":"2016-05-06T07:00:00.000Z","venue_name":"Tractor Tavern","address":"5213 Ballard Ave NW","city":"Seattle","zip":"98107","latitude":47.6656993,"longitude":-122.3828901},{"title":"Seattle Mariners Safeco Field Tour","created_by":"TicketMaster","category":"Miscellaneous","start_date":"2016-05-06T10:00:00.000Z","venue_name":"Safeco Field Stadium Tours","address":"1st Avenue and Royal Brougham","city":"Seattle","zip":"98134","latitude":47.5924109,"longitude":-122.3342076},{"title":"2015-2016 Season Ticket","created_by":"TicketMaster","category":"Music","start_date":"2016-05-06T10:00:00.000Z","venue_name":"Meydenbauer Center","address":"11100 NE 6th St","city":"Bellevue","zip":"98004","latitude":null,"longitude":null},{"title":"Bill Engvall","created_by":"TicketMaster","category":"Arts & Theater","start_date":"2016-05-07T05:00:00.000Z","venue_name":"Tulalip Resort Casino","address":"10200 Quil Ceda Blvd","city":"Tulalip","zip":"98271","latitude":48.0876107,"longitude":-122.1898477},{"title":"Tech N9ne: Independent Powerhouse Tour 2016","created_by":"TicketMaster","category":"Music","start_date":"2016-05-07T06:00:00.000Z","venue_name":"Knitting Factory Concert House","address":"911 W. Sprague Avenue","city":"Spokane","zip":"99201","latitude":47.657439,"longitude":-117.426167},{"title":"Jen Murphy","created_by":"TicketMaster","category":"Arts & Theater","start_date":"2016-05-07T06:30:00.000Z","venue_name":"Comedy Underground - Seattle","address":"109 S. Washington St.","city":"Seattle","zip":"98104","latitude":null,"longitude":null},{"title":"New Belgium & Ast Present: Pokey Lafarge W/ the Cactus Blossoms & Mind","created_by":"TicketMaster","category":"Music","start_date":"2016-05-07T07:00:00.000Z","venue_name":"Tractor Tavern","address":"5213 Ballard Ave NW","city":"Seattle","zip":"98107","latitude":47.6656993,"longitude":-122.3828901},{"title":"Night Moves, Valley Maker","created_by":"TicketMaster","category":"Music","start_date":"2016-05-07T07:00:00.000Z","venue_name":"Sunset Tavern","address":"5433 Ballard Ave NW","city":"Seattle","zip":"98107","latitude":47.66809540000001,"longitude":-122.3859818},{"title":"Bill Engvall","created_by":"TicketMaster","category":"Arts & Theater","start_date":"2016-05-07T08:00:00.000Z","venue_name":"Tulalip Resort Casino","address":"10200 Quil Ceda Blvd","city":"Tulalip","zip":"98271","latitude":48.0876107,"longitude":-122.1898477},{"title":"Jen Murphy","created_by":"TicketMaster","category":"Arts & Theater","start_date":"2016-05-07T08:30:00.000Z","venue_name":"Comedy Underground - Seattle","address":"109 S. Washington St.","city":"Seattle","zip":"98104","latitude":null,"longitude":null},{"title":"Seattle Mariners Safeco Field Tour","created_by":"TicketMaster","category":"Miscellaneous","start_date":"2016-05-07T10:00:00.000Z","venue_name":"Safeco Field Stadium Tours","address":"1st Avenue and Royal Brougham","city":"Seattle","zip":"98134","latitude":47.5924109,"longitude":-122.3342076},{"title":"2015-2016 Season Ticket","created_by":"TicketMaster","category":"Music","start_date":"2016-05-07T10:00:00.000Z","venue_name":"Meydenbauer Center","address":"11100 NE 6th St","city":"Bellevue","zip":"98004","latitude":null,"longitude":null},{"title":"Bliss: The Awakening","created_by":"TicketMaster","category":"Music","start_date":"2016-05-08T04:30:00.000Z","venue_name":"WaMu Theater","address":"800 Occidental Ave S","city":"Seattle","zip":"98134","latitude":47.5933039,"longitude":-122.3321654},{"title":"CageSport - MMA","created_by":"TicketMaster","category":"Sports","start_date":"2016-05-08T05:00:00.000Z","venue_name":"Emerald Queen Casino","address":"2024 East 29th Street","city":"Tacoma","zip":"98404","latitude":null,"longitude":null},{"title":"The Nixon Rodeo, Free the Jester, Breakdown Blvd., Windowpane, 37 Stre","created_by":"TicketMaster","category":"Music","start_date":"2016-05-08T05:00:00.000Z","venue_name":"Knitting Factory Concert House","address":"911 W. Sprague Avenue","city":"Spokane","zip":"99201","latitude":47.657439,"longitude":-117.426167},{"title":"Seattle Sounders FC vs. San Jose Earthquakes","created_by":"TicketMaster","category":"Sports","start_date":"2016-05-08T05:00:00.000Z","venue_name":"CenturyLink Field","address":"800 Occidental Ave S","city":"Seattle","zip":"98134","latitude":47.5933039,"longitude":-122.3321654},{"title":"Jen Murphy","created_by":"TicketMaster","category":"Arts & Theater","start_date":"2016-05-08T06:30:00.000Z","venue_name":"Comedy Underground - Seattle","address":"109 S. Washington St.","city":"Seattle","zip":"98104","latitude":null,"longitude":null},{"title":"The Rock Box Comedy Show","created_by":"TicketMaster","category":"Arts & Theater","start_date":"2016-05-08T07:00:00.000Z","venue_name":"Hard Rock Cafe - Seattle","address":"116 Pike Street","city":"Seattle","zip":"98101","latitude":null,"longitude":null},{"title":"Gibraltar, Low Hums, Vibragun, Ghost Pains","created_by":"TicketMaster","category":"Music","start_date":"2016-05-08T07:00:00.000Z","venue_name":"Sunset Tavern","address":"5433 Ballard Ave NW","city":"Seattle","zip":"98107","latitude":47.66809540000001,"longitude":-122.3859818},{"title":"New Belgium & Ast Present: Country/Blues Pokey Lafarge W/ the Cactus B","created_by":"TicketMaster","category":"Music","start_date":"2016-05-08T07:00:00.000Z","venue_name":"Tractor Tavern","address":"5213 Ballard Ave NW","city":"Seattle","zip":"98107","latitude":47.6656993,"longitude":-122.3828901},{"title":"Jen Murphy","created_by":"TicketMaster","category":"Arts & Theater","start_date":"2016-05-08T08:30:00.000Z","venue_name":"Comedy Underground - Seattle","address":"109 S. Washington St.","city":"Seattle","zip":"98104","latitude":null,"longitude":null},{"title":"2015-2016 Season Ticket","created_by":"TicketMaster","category":"Music","start_date":"2016-05-08T10:00:00.000Z","venue_name":"Meydenbauer Center","address":"11100 NE 6th St","city":"Bellevue","zip":"98004","latitude":null,"longitude":null},{"title":"Seattle Mariners Safeco Field Tour","created_by":"TicketMaster","category":"Miscellaneous","start_date":"2016-05-08T10:00:00.000Z","venue_name":"Safeco Field Stadium Tours","address":"1st Avenue and Royal Brougham","city":"Seattle","zip":"98134","latitude":47.5924109,"longitude":-122.3342076},{"title":"Caspar Babypants","created_by":"TicketMaster","category":"Music","start_date":"2016-05-08T23:00:00.000Z","venue_name":"Hard Rock Cafe - Seattle","address":"116 Pike Street","city":"Seattle","zip":"98101","latitude":null,"longitude":null},{"title":"Atreyu, Islander, Sworn In, Alive In Barcelona","created_by":"TicketMaster","category":"Music","start_date":"2016-05-09T05:00:00.000Z","venue_name":"Knitting Factory Concert House","address":"911 W. Sprague Avenue","city":"Spokane","zip":"99201","latitude":47.657439,"longitude":-117.426167},{"title":"Seattle Sounders 2 vs. Tulsa Roughnecks","created_by":"TicketMaster","category":"Sports","start_date":"2016-05-09T05:00:00.000Z","venue_name":"Starfire Sports","address":"14800 Starfire Way","city":"Tukwila","zip":"98188","latitude":47.47006140000001,"longitude":-122.2493596},{"title":"Kid Congo Powers & the Pink Monkeybirds, Bread and Butter","created_by":"TicketMaster","category":"Music","start_date":"2016-05-09T06:00:00.000Z","venue_name":"Sunset Tavern","address":"5433 Ballard Ave NW","city":"Seattle","zip":"98107","latitude":47.66809540000001,"longitude":-122.3859818},{"title":"Rodger Lizaola","created_by":"TicketMaster","category":"Arts & Theater","start_date":"2016-05-09T06:30:00.000Z","venue_name":"Comedy Underground - Seattle","address":"109 S. Washington St.","city":"Seattle","zip":"98104","latitude":null,"longitude":null},{"title":"2015-2016 Season Ticket","created_by":"TicketMaster","category":"Music","start_date":"2016-05-09T10:00:00.000Z","venue_name":"Meydenbauer Center","address":"11100 NE 6th St","city":"Bellevue","zip":"98004","latitude":null,"longitude":null},{"title":"Seattle Mariners Safeco Field Tour","created_by":"TicketMaster","category":"Miscellaneous","start_date":"2016-05-09T10:00:00.000Z","venue_name":"Safeco Field Stadium Tours","address":"1st Avenue and Royal Brougham","city":"Seattle","zip":"98134","latitude":47.5924109,"longitude":-122.3342076},{"title":"Seattle Mariners vs. TAMPA BAY RAYS","created_by":"TicketMaster","category":"Sports","start_date":"2016-05-10T05:10:00.000Z","venue_name":"Safeco Field","address":"Mailing Address: P.O. Box 4100 , Field Address: 1250 1st Ave S.","city":"Seattle","zip":"98134","latitude":null,"longitude":null},{"title":"Monday Night Square Dance with Wild Turkey Feat. Joanna Stodden","created_by":"TicketMaster","category":"Music","start_date":"2016-05-10T06:00:00.000Z","venue_name":"Tractor Tavern","address":"5213 Ballard Ave NW","city":"Seattle","zip":"98107","latitude":47.6656993,"longitude":-122.3828901},{"title":"Skyler Mehal (Of Supermother), Trash Dogs, Marble","created_by":"TicketMaster","category":"Music","start_date":"2016-05-10T06:00:00.000Z","venue_name":"Sunset Tavern","address":"5433 Ballard Ave NW","city":"Seattle","zip":"98107","latitude":47.66809540000001,"longitude":-122.3859818},{"title":"Open Mic","created_by":"TicketMaster","category":"Arts & Theater","start_date":"2016-05-10T06:30:00.000Z","venue_name":"Comedy Underground - Seattle","address":"109 S. Washington St.","city":"Seattle","zip":"98104","latitude":null,"longitude":null},{"title":"Seattle Mariners Safeco Field Tour","created_by":"TicketMaster","category":"Miscellaneous","start_date":"2016-05-10T10:00:00.000Z","venue_name":"Safeco Field Stadium Tours","address":"1st Avenue and Royal Brougham","city":"Seattle","zip":"98134","latitude":47.5924109,"longitude":-122.3342076},{"title":"2015-2016 Season Ticket","created_by":"TicketMaster","category":"Music","start_date":"2016-05-10T10:00:00.000Z","venue_name":"Meydenbauer Center","address":"11100 NE 6th St","city":"Bellevue","zip":"98004","latitude":null,"longitude":null},{"title":"Joseph and the Amazing Technicolor Dreamcoat (Touring)","created_by":"TicketMaster","category":"Arts & Theater","start_date":"2016-05-11T05:00:00.000Z","venue_name":"Toyota Center Kennewick","address":"7000 W. Grandridge Blvd","city":"Kennewick","zip":"99336","latitude":46.2202199,"longitude":-119.2171376},{"title":"Seattle Mariners vs. TAMPA BAY RAYS","created_by":"TicketMaster","category":"Sports","start_date":"2016-05-11T05:10:00.000Z","venue_name":"Safeco Field","address":"Mailing Address: P.O. Box 4100 , Field Address: 1250 1st Ave S.","city":"Seattle","zip":"98134","latitude":null,"longitude":null},{"title":"Mayer Hawthorne","created_by":"TicketMaster","category":"Music","start_date":"2016-05-11T06:00:00.000Z","venue_name":"Neptune Theatre","address":"1303 NE 45th Street","city":"Seattle","zip":"98105","latitude":null,"longitude":null},{"title":"An Evening with Dave Alvin & Christy McWilson *Seated Show*","created_by":"TicketMaster","category":"Music","start_date":"2016-05-11T06:00:00.000Z","venue_name":"Tractor Tavern","address":"5213 Ballard Ave NW","city":"Seattle","zip":"98107","latitude":47.6656993,"longitude":-122.3828901},{"title":"Call Backs","created_by":"TicketMaster","category":"Arts & Theater","start_date":"2016-05-11T06:30:00.000Z","venue_name":"Comedy Underground - Seattle","address":"109 S. Washington St.","city":"Seattle","zip":"98104","latitude":null,"longitude":null},{"title":"2015-2016 Season Ticket","created_by":"TicketMaster","category":"Music","start_date":"2016-05-11T10:00:00.000Z","venue_name":"Meydenbauer Center","address":"11100 NE 6th St","city":"Bellevue","zip":"98004","latitude":null,"longitude":null},{"title":"Seattle Mariners Safeco Field Tour","created_by":"TicketMaster","category":"Miscellaneous","start_date":"2016-05-11T10:00:00.000Z","venue_name":"Safeco Field Stadium Tours","address":"1st Avenue and Royal Brougham","city":"Seattle","zip":"98134","latitude":47.5924109,"longitude":-122.3342076},{"title":"Seattle Mariners vs. TAMPA BAY RAYS","created_by":"TicketMaster","category":"Sports","start_date":"2016-05-11T22:40:00.000Z","venue_name":"Safeco Field","address":"Mailing Address: P.O. Box 4100 , Field Address: 1250 1st Ave S.","city":"Seattle","zip":"98134","latitude":null,"longitude":null},{"title":"Lucius","created_by":"TicketMaster","category":"Music","start_date":"2016-05-12T06:00:00.000Z","venue_name":"Neptune Theatre","address":"1303 NE 45th Street","city":"Seattle","zip":"98105","latitude":null,"longitude":null},{"title":"Wall of Ears , Amy Viking, Jack Shriner","created_by":"TicketMaster","category":"Music","start_date":"2016-05-12T06:00:00.000Z","venue_name":"Sunset Tavern","address":"5433 Ballard Ave NW","city":"Seattle","zip":"98107","latitude":47.66809540000001,"longitude":-122.3859818},{"title":"Black Laughs Matter","created_by":"TicketMaster","category":"Arts & Theater","start_date":"2016-05-12T06:30:00.000Z","venue_name":"Comedy Underground - Seattle","address":"109 S. Washington St.","city":"Seattle","zip":"98104","latitude":null,"longitude":null},{"title":"STG Presents: Lafayette Dance Pop- Givers W/ Anna Wise","created_by":"TicketMaster","category":"Music","start_date":"2016-05-12T07:00:00.000Z","venue_name":"Tractor Tavern","address":"5213 Ballard Ave NW","city":"Seattle","zip":"98107","latitude":47.6656993,"longitude":-122.3828901},{"title":"2015-2016 Season Ticket","created_by":"TicketMaster","category":"Music","start_date":"2016-05-12T10:00:00.000Z","venue_name":"Meydenbauer Center","address":"11100 NE 6th St","city":"Bellevue","zip":"98004","latitude":null,"longitude":null},{"title":"Seattle Mariners Safeco Field Tour","created_by":"TicketMaster","category":"Miscellaneous","start_date":"2016-05-12T10:00:00.000Z","venue_name":"Safeco Field Stadium Tours","address":"1st Avenue and Royal Brougham","city":"Seattle","zip":"98134","latitude":47.5924109,"longitude":-122.3342076},{"title":"Damien Jurado","created_by":"TicketMaster","category":"Music","start_date":"2016-05-13T06:00:00.000Z","venue_name":"Neptune Theatre","address":"1303 NE 45th Street","city":"Seattle","zip":"98105","latitude":null,"longitude":null},{"title":"Gabriel Rutledge","created_by":"TicketMaster","category":"Arts & Theater","start_date":"2016-05-13T06:30:00.000Z","venue_name":"Comedy Underground - Seattle","address":"109 S. Washington St.","city":"Seattle","zip":"98104","latitude":null,"longitude":null},{"title":"Portlandicana: Quiet Life W/ Ole Tinder, Edmund Wayne","created_by":"TicketMaster","category":"Music","start_date":"2016-05-13T07:00:00.000Z","venue_name":"Tractor Tavern","address":"5213 Ballard Ave NW","city":"Seattle","zip":"98107","latitude":47.6656993,"longitude":-122.3828901},{"title":"Demin 80s Dance Party","created_by":"TicketMaster","category":"Music","start_date":"2016-05-13T07:00:00.000Z","venue_name":"Sunset Tavern","address":"5433 Ballard Ave NW","city":"Seattle","zip":"98107","latitude":47.66809540000001,"longitude":-122.3859818},{"title":"Seattle Mariners Safeco Field Tour","created_by":"TicketMaster","category":"Miscellaneous","start_date":"2016-05-13T10:00:00.000Z","venue_name":"Safeco Field Stadium Tours","address":"1st Avenue and Royal Brougham","city":"Seattle","zip":"98134","latitude":47.5924109,"longitude":-122.3342076},{"title":"2015-2016 Season Ticket","created_by":"TicketMaster","category":"Music","start_date":"2016-05-13T10:00:00.000Z","venue_name":"Meydenbauer Center","address":"11100 NE 6th St","city":"Bellevue","zip":"98004","latitude":null,"longitude":null},{"title":"University of Washington Huskies Men's Baseball vs. Washington State Cougars Baseball","created_by":"TicketMaster","category":"Sports","start_date":"2016-05-14T05:00:00.000Z","venue_name":"Husky Baseball Park","address":"3910 Montlake Blvd","city":"Seattle","zip":"98195","latitude":47.6530523,"longitude":-122.3022748},{"title":"Seattle Mariners vs. Los Angeles Angels","created_by":"TicketMaster","category":"Sports","start_date":"2016-05-14T05:10:00.000Z","venue_name":"Safeco Field","address":"Mailing Address: P.O. Box 4100 , Field Address: 1250 1st Ave S.","city":"Seattle","zip":"98134","latitude":null,"longitude":null},{"title":"Selena Gomez","created_by":"TicketMaster","category":"Music","start_date":"2016-05-14T05:30:00.000Z","venue_name":"KeyArena","address":"1st Avenue N and 305 Harrison Street","city":"Seattle","zip":"98109","latitude":47.622101,"longitude":-122.355426},{"title":"Charlie Musselwhite","created_by":"TicketMaster","category":"Music","start_date":"2016-05-14T06:00:00.000Z","venue_name":"Skagit Valley Casino Pacific Showroom","address":"5984 N. Darrk Lane","city":"Bow","zip":"98232","latitude":48.560728,"longitude":-122.347852},{"title":"Gabriel Rutledge","created_by":"TicketMaster","category":"Arts & Theater","start_date":"2016-05-14T06:30:00.000Z","venue_name":"Comedy Underground - Seattle","address":"109 S. Washington St.","city":"Seattle","zip":"98104","latitude":null,"longitude":null},{"title":"Turkuaz, Tone Collaborative","created_by":"TicketMaster","category":"Music","start_date":"2016-05-14T06:30:00.000Z","venue_name":"Knitting Factory Concert House","address":"911 W. Sprague Avenue","city":"Spokane","zip":"99201","latitude":47.657439,"longitude":-117.426167},{"title":"Danny Newcomb and the Sugarmakers, Strong Suit, Garth Reeves Band","created_by":"TicketMaster","category":"Music","start_date":"2016-05-14T07:00:00.000Z","venue_name":"Sunset Tavern","address":"5433 Ballard Ave NW","city":"Seattle","zip":"98107","latitude":47.66809540000001,"longitude":-122.3859818},{"title":"The Blackberry Bushes Stringband","created_by":"TicketMaster","category":"Music","start_date":"2016-05-14T07:00:00.000Z","venue_name":"Hard Rock Cafe - Seattle","address":"116 Pike Street","city":"Seattle","zip":"98101","latitude":null,"longitude":null},{"title":"Torch Bearers of the McCoury Family Legacy... the Travelin' McCourys W","created_by":"TicketMaster","category":"Music","start_date":"2016-05-14T07:00:00.000Z","venue_name":"Tractor Tavern","address":"5213 Ballard Ave NW","city":"Seattle","zip":"98107","latitude":47.6656993,"longitude":-122.3828901},{"title":"Gabriel Rutledge","created_by":"TicketMaster","category":"Arts & Theater","start_date":"2016-05-14T08:30:00.000Z","venue_name":"Comedy Underground - Seattle","address":"109 S. Washington St.","city":"Seattle","zip":"98104","latitude":null,"longitude":null},{"title":"Seattle Mariners Safeco Field Tour","created_by":"TicketMaster","category":"Miscellaneous","start_date":"2016-05-14T10:00:00.000Z","venue_name":"Safeco Field Stadium Tours","address":"1st Avenue and Royal Brougham","city":"Seattle","zip":"98134","latitude":47.5924109,"longitude":-122.3342076},{"title":"2015-2016 Season Ticket","created_by":"TicketMaster","category":"Music","start_date":"2016-05-14T10:00:00.000Z","venue_name":"Meydenbauer Center","address":"11100 NE 6th St","city":"Bellevue","zip":"98004","latitude":null,"longitude":null},{"title":"Tacoma Guitar Festival All Weekend Pass","created_by":"TicketMaster","category":"Miscellaneous","start_date":"2016-05-14T19:30:00.000Z","venue_name":"Tacoma Dome","address":"2727 East D St","city":"Tacoma","zip":"98421","latitude":null,"longitude":null},{"title":"Tacoma Guitar Festival Saturday","created_by":"TicketMaster","category":"Miscellaneous","start_date":"2016-05-14T19:30:00.000Z","venue_name":"Tacoma Dome","address":"2727 East D St","city":"Tacoma","zip":"98421","latitude":null,"longitude":null},{"title":"University of Washington Huskies Men's Baseball vs. Washington State Cougars Baseball","created_by":"TicketMaster","category":"Sports","start_date":"2016-05-15T02:00:00.000Z","venue_name":"Husky Baseball Park","address":"3910 Montlake Blvd","city":"Seattle","zip":"98195","latitude":47.6530523,"longitude":-122.3022748},{"title":"Tacoma Rainiers vs. Omaha Storm Chasers","created_by":"TicketMaster","category":"Sports","start_date":"2016-05-15T03:05:00.000Z","venue_name":"Cheney Stadium","address":"2502 S Tyler St","city":"Tacoma","zip":"98401","latitude":47.2380547,"longitude":-122.49671},{"title":"Strut Fashion Show","created_by":"TicketMaster","category":"Miscellaneous","start_date":"2016-05-15T04:00:00.000Z","venue_name":"Knitting Factory Concert House","address":"911 W. Sprague Avenue","city":"Spokane","zip":"99201","latitude":47.657439,"longitude":-117.426167},{"title":"Seattle Mariners vs. Los Angeles Angels","created_by":"TicketMaster","category":"Sports","start_date":"2016-05-15T04:10:00.000Z","venue_name":"Safeco Field","address":"Mailing Address: P.O. Box 4100 , Field Address: 1250 1st Ave S.","city":"Seattle","zip":"98134","latitude":null,"longitude":null},{"title":"Tri-Cities Fever vs. Billings Wolves","created_by":"TicketMaster","category":"Sports","start_date":"2016-05-15T05:05:00.000Z","venue_name":"Toyota Center Kennewick","address":"7000 W. Grandridge Blvd","city":"Kennewick","zip":"99336","latitude":46.2202199,"longitude":-119.2171376},{"title":"Charlie Musselwhite","created_by":"TicketMaster","category":"Music","start_date":"2016-05-15T06:00:00.000Z","venue_name":"Skagit Valley Casino Pacific Showroom","address":"5984 N. Darrk Lane","city":"Bow","zip":"98232","latitude":48.560728,"longitude":-122.347852},{"title":"Craig Campbell","created_by":"TicketMaster","category":"Music","start_date":"2016-05-15T06:00:00.000Z","venue_name":"Auburn Performing Arts Center","address":"702 4th Street NE","city":"Auburn","zip":"98002","latitude":null,"longitude":null},{"title":"Billy Gardell","created_by":"TicketMaster","category":"Arts & Theater","start_date":"2016-05-15T06:30:00.000Z","venue_name":"Emerald Queen Casino","address":"2024 East 29th Street","city":"Tacoma","zip":"98404","latitude":null,"longitude":null},{"title":"Gabriel Rutledge","created_by":"TicketMaster","category":"Arts & Theater","start_date":"2016-05-15T06:30:00.000Z","venue_name":"Comedy Underground - Seattle","address":"109 S. Washington St.","city":"Seattle","zip":"98104","latitude":null,"longitude":null},{"title":"Ballard Bash: Country Lips W/ Wild Powwers & the Spinning Whips","created_by":"TicketMaster","category":"Music","start_date":"2016-05-15T07:00:00.000Z","venue_name":"Tractor Tavern","address":"5213 Ballard Ave NW","city":"Seattle","zip":"98107","latitude":47.6656993,"longitude":-122.3828901},{"title":"The Minus 5, Richmond Fontaine","created_by":"TicketMaster","category":"Music","start_date":"2016-05-15T07:00:00.000Z","venue_name":"Sunset Tavern","address":"5433 Ballard Ave NW","city":"Seattle","zip":"98107","latitude":47.66809540000001,"longitude":-122.3859818},{"title":"Andrew Landers","created_by":"TicketMaster","category":"Music","start_date":"2016-05-15T07:00:00.000Z","venue_name":"Hard Rock Cafe - Seattle","address":"116 Pike Street","city":"Seattle","zip":"98101","latitude":null,"longitude":null},{"title":"Gabriel Rutledge","created_by":"TicketMaster","category":"Arts & Theater","start_date":"2016-05-15T08:30:00.000Z","venue_name":"Comedy Underground - Seattle","address":"109 S. Washington St.","city":"Seattle","zip":"98104","latitude":null,"longitude":null},{"title":"2015-2016 Season Ticket","created_by":"TicketMaster","category":"Music","start_date":"2016-05-15T10:00:00.000Z","venue_name":"Meydenbauer Center","address":"11100 NE 6th St","city":"Bellevue","zip":"98004","latitude":null,"longitude":null},{"title":"Seattle Mariners Safeco Field Tour","created_by":"TicketMaster","category":"Miscellaneous","start_date":"2016-05-15T10:00:00.000Z","venue_name":"Safeco Field Stadium Tours","address":"1st Avenue and Royal Brougham","city":"Seattle","zip":"98134","latitude":47.5924109,"longitude":-122.3342076},{"title":"Tacoma Guitar Festival Sunday","created_by":"TicketMaster","category":"Miscellaneous","start_date":"2016-05-15T20:00:00.000Z","venue_name":"Tacoma Dome","address":"2727 East D St","city":"Tacoma","zip":"98421","latitude":null,"longitude":null},{"title":"University of Washington Huskies Men's Baseball vs. Washington State Cougars Baseball","created_by":"TicketMaster","category":"Sports","start_date":"2016-05-15T22:00:00.000Z","venue_name":"Husky Baseball Park","address":"3910 Montlake Blvd","city":"Seattle","zip":"98195","latitude":47.6530523,"longitude":-122.3022748},{"title":"Seattle Mariners vs. Los Angeles Angels","created_by":"TicketMaster","category":"Sports","start_date":"2016-05-15T23:10:00.000Z","venue_name":"Safeco Field","address":"Mailing Address: P.O. Box 4100 , Field Address: 1250 1st Ave S.","city":"Seattle","zip":"98134","latitude":null,"longitude":null},{"title":"Tacoma Rainiers vs. Omaha Storm Chasers","created_by":"TicketMaster","category":"Sports","start_date":"2016-05-15T23:35:00.000Z","venue_name":"Cheney Stadium","address":"2502 S Tyler St","city":"Tacoma","zip":"98401","latitude":47.2380547,"longitude":-122.49671},{"title":"The Who Hits 50!","created_by":"TicketMaster","category":"Music","start_date":"2016-05-16T05:30:00.000Z","venue_name":"KeyArena","address":"1st Avenue N and 305 Harrison Street","city":"Seattle","zip":"98109","latitude":47.622101,"longitude":-122.355426},{"title":"Sean Watkins (Nickel Creek/Watkins Family) W/ Petra Haden & Jesse Harr","created_by":"TicketMaster","category":"Music","start_date":"2016-05-16T06:00:00.000Z","venue_name":"Tractor Tavern","address":"5213 Ballard Ave NW","city":"Seattle","zip":"98107","latitude":47.6656993,"longitude":-122.3828901},{"title":"Leon Russell","created_by":"TicketMaster","category":"Music","start_date":"2016-05-16T06:00:00.000Z","venue_name":"Neptune Theatre","address":"1303 NE 45th Street","city":"Seattle","zip":"98105","latitude":null,"longitude":null},{"title":"Seattle Mariners Safeco Field Tour","created_by":"TicketMaster","category":"Miscellaneous","start_date":"2016-05-16T10:00:00.000Z","venue_name":"Safeco Field Stadium Tours","address":"1st Avenue and Royal Brougham","city":"Seattle","zip":"98134","latitude":47.5924109,"longitude":-122.3342076},{"title":"2015-2016 Season Ticket","created_by":"TicketMaster","category":"Music","start_date":"2016-05-16T10:00:00.000Z","venue_name":"Meydenbauer Center","address":"11100 NE 6th St","city":"Bellevue","zip":"98004","latitude":null,"longitude":null},{"title":"University of Washington Huskies Men's Baseball vs. Northern Colorado Bears Baseball","created_by":"TicketMaster","category":"Sports","start_date":"2016-05-17T03:00:00.000Z","venue_name":"Husky Baseball Park","address":"3910 Montlake Blvd","city":"Seattle","zip":"98195","latitude":47.6530523,"longitude":-122.3022748},{"title":"Tacoma Rainiers vs. Omaha Storm Chasers","created_by":"TicketMaster","category":"Sports","start_date":"2016-05-17T04:05:00.000Z","venue_name":"Cheney Stadium","address":"2502 S Tyler St","city":"Tacoma","zip":"98401","latitude":47.2380547,"longitude":-122.49671},{"title":"Leon Russell","created_by":"TicketMaster","category":"Music","start_date":"2016-05-17T06:00:00.000Z","venue_name":"Knitting Factory Concert House","address":"911 W. Sprague Avenue","city":"Spokane","zip":"99201","latitude":47.657439,"longitude":-117.426167},{"title":"Brooklyn Indie Rock: Alberta Cross W/ Sky White Tiger, Grand Canyon","created_by":"TicketMaster","category":"Music","start_date":"2016-05-17T06:00:00.000Z","venue_name":"Tractor Tavern","address":"5213 Ballard Ave NW","city":"Seattle","zip":"98107","latitude":47.6656993,"longitude":-122.3828901},{"title":"2015-2016 Season Ticket","created_by":"TicketMaster","category":"Music","start_date":"2016-05-17T10:00:00.000Z","venue_name":"Meydenbauer Center","address":"11100 NE 6th St","city":"Bellevue","zip":"98004","latitude":null,"longitude":null},{"title":"Seattle Mariners Safeco Field Tour","created_by":"TicketMaster","category":"Miscellaneous","start_date":"2016-05-17T10:00:00.000Z","venue_name":"Safeco Field Stadium Tours","address":"1st Avenue and Royal Brougham","city":"Seattle","zip":"98134","latitude":47.5924109,"longitude":-122.3342076},{"title":"Tacoma Rainiers vs. Omaha Storm Chasers","created_by":"TicketMaster","category":"Sports","start_date":"2016-05-17T21:35:00.000Z","venue_name":"Cheney Stadium","address":"2502 S Tyler St","city":"Tacoma","zip":"98401","latitude":47.2380547,"longitude":-122.49671},{"title":"Roy Rodgers, Thousands , Dentaru No Tsuba","created_by":"TicketMaster","category":"Music","start_date":"2016-05-18T06:00:00.000Z","venue_name":"Sunset Tavern","address":"5433 Ballard Ave NW","city":"Seattle","zip":"98107","latitude":47.66809540000001,"longitude":-122.3859818},{"title":"Violent Femmes","created_by":"TicketMaster","category":"Music","start_date":"2016-05-18T06:00:00.000Z","venue_name":"Knitting Factory Concert House","address":"911 W. Sprague Avenue","city":"Spokane","zip":"99201","latitude":47.657439,"longitude":-117.426167},{"title":"A Tribute To Merle Haggard with Country Dave Harmonson & the Familiar","created_by":"TicketMaster","category":"Music","start_date":"2016-05-18T06:30:00.000Z","venue_name":"Tractor Tavern","address":"5213 Ballard Ave NW","city":"Seattle","zip":"98107","latitude":47.6656993,"longitude":-122.3828901},{"title":"Seattle Mariners Safeco Field Tour","created_by":"TicketMaster","category":"Miscellaneous","start_date":"2016-05-18T10:00:00.000Z","venue_name":"Safeco Field Stadium Tours","address":"1st Avenue and Royal Brougham","city":"Seattle","zip":"98134","latitude":47.5924109,"longitude":-122.3342076},{"title":"2015-2016 Season Ticket","created_by":"TicketMaster","category":"Music","start_date":"2016-05-18T10:00:00.000Z","venue_name":"Meydenbauer Center","address":"11100 NE 6th St","city":"Bellevue","zip":"98004","latitude":null,"longitude":null},{"title":"Beyonc - The Formation World Tour","created_by":"TicketMaster","category":"Music","start_date":"2016-05-19T05:30:00.000Z","venue_name":"CenturyLink Field","address":"800 Occidental Ave S","city":"Seattle","zip":"98134","latitude":47.5933039,"longitude":-122.3321654},{"title":"The Foghorns, the Pickpocket Revue, Annie Ford Band","created_by":"TicketMaster","category":"Music","start_date":"2016-05-19T06:00:00.000Z","venue_name":"Sunset Tavern","address":"5433 Ballard Ave NW","city":"Seattle","zip":"98107","latitude":47.66809540000001,"longitude":-122.3859818},{"title":"Monqui Presents: Retro Soul- Bernhoft & the Shudderbugs W/ Johnny P","created_by":"TicketMaster","category":"Music","start_date":"2016-05-19T07:00:00.000Z","venue_name":"Tractor Tavern","address":"5213 Ballard Ave NW","city":"Seattle","zip":"98107","latitude":47.6656993,"longitude":-122.3828901},{"title":"Seattle Mariners Safeco Field Tour","created_by":"TicketMaster","category":"Miscellaneous","start_date":"2016-05-19T10:00:00.000Z","venue_name":"Safeco Field Stadium Tours","address":"1st Avenue and Royal Brougham","city":"Seattle","zip":"98134","latitude":47.5924109,"longitude":-122.3342076},{"title":"2015-2016 Season Ticket","created_by":"TicketMaster","category":"Music","start_date":"2016-05-19T10:00:00.000Z","venue_name":"Meydenbauer Center","address":"11100 NE 6th St","city":"Bellevue","zip":"98004","latitude":null,"longitude":null},{"title":"Tacoma Rainiers vs. Iowa Cubs","created_by":"TicketMaster","category":"Sports","start_date":"2016-05-20T05:05:00.000Z","venue_name":"Cheney Stadium","address":"2502 S Tyler St","city":"Tacoma","zip":"98401","latitude":47.2380547,"longitude":-122.49671},{"title":"Radical Face","created_by":"TicketMaster","category":"Music","start_date":"2016-05-20T06:00:00.000Z","venue_name":"Neptune Theatre","address":"1303 NE 45th Street","city":"Seattle","zip":"98105","latitude":null,"longitude":null},{"title":"Ben Von Wildenhaus with Professional Band, Corespondents , Rabia Shahe","created_by":"TicketMaster","category":"Music","start_date":"2016-05-20T07:00:00.000Z","venue_name":"Sunset Tavern","address":"5433 Ballard Ave NW","city":"Seattle","zip":"98107","latitude":47.66809540000001,"longitude":-122.3859818}]